xmin,ymin,xmax,ymax,confidence,class,name,scalex,scaley,img_name,plate_number
216.75282287597656,261.46551513671875,307.9942626953125,298.03582763671875,0.917383074760437,0,license-plate,1.0,1.0,d27e094e98374ff8_jpg.rf.a0e0eba539117b97eb6433295c4cfb44.jpg,
